log,usage_events_eq_calls,usage_sum_total_eq,usage_sum_prompt_eq,usage_sum_cand_eq,gk_responses_eq_mock_outbound,unlock_eq_mock_unlock,gk_status_seq_eq_mock,config_matches_filename,study_complete,no_error,no_traceback
P1_r1.log,True,True,True,True,True,True,True,True,True,True,True
P1_r3.log,True,True,True,True,True,True,True,True,True,True,True
P1_r4.log,True,True,True,True,True,True,True,True,True,True,True
P1_r5.log,True,True,True,True,True,True,True,True,True,True,True
P1_r6_retry1.log,True,True,True,True,True,True,True,True,True,True,True
P2A_r1.log,True,True,True,True,True,True,True,True,True,True,True
P2A_r3.log,True,True,True,True,True,True,True,True,True,True,True
P2A_r4.log,True,True,True,True,True,True,True,True,True,True,True
P2A_r5.log,True,True,True,True,True,True,True,True,True,True,True
P2A_r6.log,True,True,True,True,True,True,True,True,True,True,True
P2B_r2_retry1.log,True,True,True,True,True,True,True,True,True,True,True
P2B_r3.log,True,True,True,True,True,True,True,True,True,True,True
P2B_r4.log,True,True,True,True,True,True,True,True,True,True,True
P2B_r5.log,True,True,True,True,True,True,True,True,True,True,True
P2B_r6.log,True,True,True,True,True,True,True,True,True,True,True
P3B_r2.log,True,True,True,True,True,True,True,True,True,True,True
P3B_r3.log,True,True,True,True,True,True,True,True,True,True,True
P3B_r4.log,True,True,True,True,True,True,True,True,True,True,True
P3B_r5.log,True,True,True,True,True,True,True,True,True,True,True
P3B_r6.log,True,True,True,True,True,True,True,True,True,True,True
P3A_LLM_r2.log,True,True,True,True,True,True,False,True,True,True,True
P3A_LLM_r3.log,True,True,True,True,True,True,False,True,True,True,True
P3A_LLM_r4.log,True,True,True,True,True,True,False,True,True,True,True
P3A_LLM_r5.log,True,True,True,True,True,True,False,True,True,True,True
P3A_LLM_r6.log,True,True,True,True,True,True,False,True,True,True,True
P3A_CANON_r2.log,True,True,True,True,True,True,False,True,True,True,True
P3A_CANON_r3.log,True,True,True,True,True,True,False,True,True,True,True
P3A_CANON_r4.log,True,True,True,True,True,True,False,True,True,True,True
P3A_CANON_r5.log,True,True,True,True,True,True,False,True,True,True,True
P3A_CANON_r6.log,True,True,True,True,True,True,False,True,True,True,True
